<application>
  <component name="GeneralSettings">
    <option name="confirmExit" value="false" />
    <option name="showTipsOnStartup" value="false" />
  </component>
  <component name="Registry">
    <entry key="ide.mac.allowDarkWindowDecorations" value="true" />
    <entry key="ide.tooltip.initialDelay" value="200" />
    <entry key="compiler.automake.allow.when.app.running" value="true" />
    <entry key="compiler.automake.postpone.when.idle.less.than" value="100" />
  </component>
</application>